{"cameraMode":{"drawMode":0,"name":"Shaded","section":"Shading Mode"},"sceneLighting":true,"audioPlay":false,"sceneViewState":{"m_AlwaysRefresh":false,"showFog":true,"showSkybox":true,"showFlares":true,"showImageEffects":true,"showParticleSystems":true,"showVisualEffectGraphs":true,"m_FxEnabled":true},"in2DMode":false,"pivot":{"x":-6.217928409576416,"y":6.3888444900512699,"z":-0.7767168879508972},"rotation":{"x":-0.13886427879333497,"y":-0.4914033114910126,"z":0.07971614599227905,"w":-0.8560947775840759},"size":17.979246139526368,"orthographic":false}